timestamp_ms,rate
1680336000000,-1.6e-05
1680364800000,1e-06
1680393600000,1.6e-05
1680422400000,4.3e-05
1680451200000,4.8e-05
1680480000000,9.3e-05
1680508800000,4.4e-05
1680537600000,2.3e-05
1680566400000,-5e-06
1680595200000,-8e-06
1680624000000,-1.8e-05
1680652800000,-8.3e-05
1680681600000,0.0001
1680710400000,0.0001
1680739200000,3.4e-05
1680768000000,1.1e-05
1680796800000,-4e-06
1680825600000,7.4e-05
1680854400000,9.2e-05
1680883200000,4e-05
1680912000000,5.4e-05
1680940800000,4.4e-05
1680969600000,5.4e-05
1680998400000,8.2e-05
1681027200000,1.4e-05
1681056000000,6.2e-05
1681084800000,2.9e-05
1681113600000,-5.1e-05
1681142400000,-3e-06
1681171200000,-6e-06
1681200000000,0.0001
1681228800000,0.0001
1681257600000,0.0001
1681286400000,0.0001
1681315200000,6.3e-05
1681344000000,5.9e-05
1681372800000,0.0001
1681401600000,0.0001
1681430400000,0.0001
1681459200000,0.0001
1681488000000,0.0001
1681516800000,4e-06
1681545600000,0.0001
1681574400000,0.0001
1681603200000,0.0001
1681632000000,0.0001
1681660800000,0.0001
1681689600000,0.0001
1681718400000,0.0001
1681747200000,0.0001
1681776000000,0.0001
1681804800000,0.0001
1681833600000,0.0001
1681862400000,0.0001
1681891200000,0.0001
1681920000000,0.0001
1681948800000,0.0001
1681977600000,0.0001
1682006400000,0.0001
1682035200000,0.0001
1682064000000,0.0001
1682092800000,0.0001
1682121600000,0.0001
1682150400000,0.0001
1682179200000,0.0001
1682208000000,0.0001
1682236800000,0.0001
1682265600000,8.7e-05
1682294400000,0.0001
1682323200000,0.0001
1682352000000,3.7e-05
1682380800000,7.7e-05
1682409600000,0.0001
1682438400000,7.5e-05
1682467200000,-1e-06
1682496000000,1.5e-05
1682524800000,5.9e-05
1682553600000,0.0001
1682582400000,8.9e-05
1682611200000,5.1e-05
1682640000000,5.4e-05
1682668800000,0.0001
1682697600000,8.6e-05
1682726400000,6.1e-05
1682755200000,-4.2e-05
1682784000000,1e-05
1682812800000,1e-06
1682841600000,2e-06
1682870400000,-3.6e-05
1682899200000,8.6e-05
1682928000000,5.3e-05
1682956800000,1e-06
1682985600000,0.0001
1683014400000,5.1e-05
1683043200000,4.9e-05
1683072000000,-4.6e-05
1683100800000,0.0001
1683129600000,0.0001
1683158400000,0.0001
1683187200000,0.0001
1683216000000,0.0001
1683244800000,4.3e-05
1683273600000,0.0001
1683302400000,0.0001
1683331200000,0.0001
1683360000000,0.0001
1683388800000,0.0001
1683417600000,9.6e-05
1683446400000,-4e-06
1683475200000,3.1e-05
1683504000000,8.7e-05
1683532800000,8.9e-05
1683561600000,7.1e-05
1683590400000,0.0001
1683619200000,8.5e-05
1683648000000,8.4e-05
1683676800000,7.9e-05
1683705600000,5e-05
1683734400000,-1.6e-05
1683763200000,-1.4e-05
1683792000000,3.4e-05
1683820800000,1.4e-05
1683849600000,3.6e-05
1683878400000,6.7e-05
1683907200000,6.4e-05
1683936000000,3.7e-05
1683964800000,3.9e-05
1683993600000,3.6e-05
1684022400000,7.9e-05
1684051200000,4.8e-05
1684080000000,8.3e-05
1684108800000,8e-05
1684137600000,1.9e-05
1684166400000,5.2e-05
1684195200000,3.5e-05
1684224000000,7.8e-05
1684252800000,8.4e-05
1684281600000,0.0001
1684310400000,0.0001
1684339200000,7.7e-05
1684368000000,5.8e-05
1684396800000,-1e-05
1684425600000,0.0001
1684454400000,7.1e-05
1684483200000,9.4e-05
1684512000000,7.1e-05
1684540800000,0.0001
1684569600000,0.0001
1684598400000,2e-05
1684627200000,-1.2e-05
1684656000000,0.0001
1684684800000,0.0001
1684713600000,0.0001
1684742400000,0.0001
1684771200000,0.0001
1684800000000,6.8e-05
1684828800000,4.3e-05
1684857600000,2.2e-05
1684886400000,0.0001
1684915200000,0.0001
1684944000000,0.0001
1684972800000,0.0001
1685001600000,5.8e-05
1685030400000,5.2e-05
1685059200000,3.5e-05
1685088000000,-1.9e-05
1685116800000,0.0001
1685145600000,-1.9e-05
1685174400000,9.1e-05
1685203200000,8.7e-05
1685232000000,6e-05
1685260800000,-5.5e-05
1685289600000,-3.2e-05
1685318400000,3.5e-05
1685347200000,9.3e-05
1685376000000,0.0001
1685404800000,0.0001
1685433600000,0.0001
1685462400000,0.0001
1685491200000,0.0001
1685520000000,0.0001
1685548800000,0.0001
1685577600000,0.0001
1685606400000,0.0001
1685635200000,0.0001
1685664000000,0.0001
1685692800000,0.0001
1685721600000,0.0001
1685750400000,0.0001
1685779200000,0.0001
1685808000000,0.0001
1685836800000,0.0001
1685865600000,0.0001
1685894400000,0.0001
1685923200000,0.0001
1685952000000,0.0001
1685980800000,0.0001
1686009600000,0.0001
1686038400000,4.9e-05
1686067200000,0.0001
1686096000000,9.5e-05
1686124800000,0.0001
1686153600000,0.0001
1686182400000,5.7e-05
1686211200000,2.3e-05
1686240000000,6.4e-05
1686268800000,6.7e-05
1686297600000,5e-06
1686326400000,3.7e-05
1686355200000,8.2e-05
1686384000000,0.0001
1686412800000,0.0001
1686441600000,0.0001
1686470400000,9e-05
1686499200000,0.0001
1686528000000,0.0001
1686556800000,8e-05
1686585600000,6.1e-05
1686614400000,0.0001
1686643200000,5.6e-05
1686672000000,8e-06
1686700800000,3.4e-05
1686729600000,2.5e-05
1686758400000,-1.6e-05
1686787200000,4.9e-05
1686816000000,0.0001
1686844800000,0.0001
1686873600000,0.0001
1686902400000,0.0001
1686931200000,7.3e-05
1686960000000,-3e-05
1686988800000,7.5e-05
1687017600000,0.0001
1687046400000,0.0001
1687075200000,3.5e-05
1687104000000,4.4e-05
1687132800000,8e-05
1687161600000,0.0001
1687190400000,9.4e-05
1687219200000,3.5e-05
1687248000000,-2.5e-05
1687276800000,4.6e-05
1687305600000,-8.6e-05
1687334400000,4e-06
1687363200000,0.0
1687392000000,0.0001
1687420800000,9.8e-05
1687449600000,0.0001
1687478400000,0.0001
1687507200000,0.0001
1687536000000,0.0001
1687564800000,0.0001
1687593600000,0.0001
1687622400000,0.0001
1687651200000,0.0001
1687680000000,0.0001
1687708800000,0.0001
1687737600000,0.0001
1687766400000,0.0001
1687795200000,0.0001
1687824000000,0.0001
1687852800000,0.0001
1687881600000,0.0001
1687910400000,6.6e-05
1687939200000,9e-05
1687968000000,5.9e-05
1687996800000,9.2e-05
1688025600000,6.2e-05
1688054400000,0.0001
1688083200000,0.0001
1688112000000,0.0001
1688140800000,-3.2e-05
1688169600000,0.0001
1688198400000,0.0001
1688227200000,0.0001
1688256000000,0.0001
1688284800000,0.0001
1688313600000,0.0001
1688342400000,0.0001
1688371200000,0.0001
1688400000000,9.5e-05
1688428800000,0.0001
1688457600000,0.0001
1688486400000,0.0001
1688515200000,0.0001
1688544000000,0.0001
1688572800000,7.6e-05
1688601600000,4.7e-05
1688630400000,7e-05
1688659200000,4.4e-05
1688688000000,8.8e-05
1688716800000,0.0001
1688745600000,1.3e-05
1688774400000,-2.5e-05
1688803200000,0.0001
1688832000000,8.6e-05
1688860800000,5.8e-05
1688889600000,0.0001
1688918400000,0.0001
1688947200000,0.0001
1688976000000,0.0001
1689004800000,7.7e-05
1689033600000,1.7e-05
1689062400000,5.3e-05
1689091200000,0.0001
1689120000000,9e-05
1689148800000,7.8e-05
1689177600000,5e-06
1689206400000,4.1e-05
1689235200000,6.1e-05
1689264000000,-9e-06
1689292800000,0.0001
1689321600000,0.0001
1689350400000,0.0001
1689379200000,0.0001
1689408000000,1.8e-05
1689436800000,4e-05
1689465600000,3.4e-05
1689494400000,0.0001
1689523200000,8.9e-05
1689552000000,0.0001
1689580800000,6.4e-05
1689609600000,7.6e-05
1689638400000,8e-06
1689667200000,-3.3e-05
1689696000000,6.2e-05
1689724800000,7.7e-05
1689753600000,0.0001
1689782400000,6.2e-05
1689811200000,6e-06
1689840000000,9.4e-05
1689868800000,5.5e-05
1689897600000,2e-05
1689926400000,3.8e-05
1689955200000,-1e-05
1689984000000,9e-06
1690012800000,9.7e-05
1690041600000,6.6e-05
1690070400000,9.2e-05
1690099200000,3e-06
1690128000000,4.2e-05
1690156800000,-1e-06
1690185600000,5.9e-05
1690214400000,5.6e-05
1690243200000,7.7e-05
1690272000000,-6e-06
1690300800000,-1e-05
1690329600000,3.6e-05
1690358400000,8.8e-05
1690387200000,1.5e-05
1690416000000,1.3e-05
1690444800000,4.4e-05
1690473600000,3.7e-05
1690502400000,4.5e-05
1690531200000,1.8e-05
1690560000000,3.9e-05
1690588800000,0.0001
1690617600000,6.4e-05
1690646400000,7.6e-05
1690675200000,5.2e-05
1690704000000,3.3e-05
1690732800000,6.9e-05
1690761600000,2.5e-05
1690790400000,2.4e-05
1690819200000,1.9e-05
1690848000000,0.0001
1690876800000,0.0001
1690905600000,0.0001
1690934400000,0.0001
1690963200000,0.0001
1690992000000,0.0001
1691020800000,0.0001
1691049600000,0.0001
1691078400000,0.0001
1691107200000,0.0001
1691136000000,0.0001
1691164800000,0.0001
1691193600000,0.0001
1691222400000,8.4e-05
1691251200000,0.0001
1691280000000,0.0001
1691308800000,0.0001
1691337600000,0.0001
1691366400000,0.0001
1691395200000,8.7e-05
1691424000000,0.0001
1691452800000,0.0001
1691481600000,2.4e-05
1691510400000,-1.1e-05
1691539200000,6e-06
1691568000000,7.8e-05
1691596800000,0.0001
1691625600000,0.0001
1691654400000,0.0001
1691683200000,0.0001
1691712000000,0.0001
1691740800000,0.0001
1691769600000,7e-05
1691798400000,0.0001
1691827200000,0.0001
1691856000000,0.0001
1691884800000,0.0001
1691913600000,0.0001
1691942400000,0.0001
1691971200000,0.0001
1692000000000,0.0001
1692028800000,0.0001
1692057600000,0.0001
1692086400000,0.0001
1692115200000,0.0001
1692144000000,0.0001
1692172800000,0.0001
1692201600000,0.0001
1692230400000,0.0001
1692259200000,0.0001
1692288000000,0.0001
1692316800000,6.4e-05
1692345600000,-5e-06
1692374400000,-1e-06
1692403200000,-1.9e-05
1692432000000,-7e-06
1692460800000,9e-06
1692489600000,5.5e-05
1692518400000,5.4e-05
1692547200000,1.8e-05
1692576000000,-4.1e-05
1692604800000,-2.5e-05
1692633600000,1.4e-05
1692662400000,1e-05
1692691200000,-5.5e-05
1692720000000,-4e-06
1692748800000,5.5e-05
1692777600000,5.7e-05
1692806400000,1.9e-05
1692835200000,-2e-05
1692864000000,2.1e-05
1692892800000,8.4e-05
1692921600000,5.9e-05
1692950400000,-1.4e-05
1692979200000,5e-06
1693008000000,9e-06
1693036800000,-3.1e-05
1693065600000,2e-06
1693094400000,6.1e-05
1693123200000,-2.4e-05
1693152000000,3.7e-05
1693180800000,5.2e-05
1693209600000,9.9e-05
1693238400000,2.4e-05
1693267200000,1.2e-05
1693296000000,-1.2e-05
1693324800000,7.3e-05
1693353600000,4e-05
1693382400000,6.1e-05
1693411200000,0.0001
1693440000000,1.7e-05
1693468800000,5.6e-05
1693497600000,9e-06
1693526400000,2.1e-05
1693555200000,1.9e-05
1693584000000,1.6e-05
1693612800000,5.8e-05
1693641600000,2.8e-05
1693670400000,2.3e-05
1693699200000,0.0001
1693728000000,3.1e-05
1693756800000,4e-06
1693785600000,3.1e-05
1693814400000,3e-05
1693843200000,8.4e-05
1693872000000,2.4e-05
1693900800000,8e-06
1693929600000,1.1e-05
1693958400000,1.3e-05
1693987200000,6e-06
1694016000000,6.3e-05
1694044800000,3.9e-05
1694073600000,0.0001
1694102400000,2.1e-05
1694131200000,3.6e-05
1694160000000,6e-05
1694188800000,5e-05
1694217600000,4.7e-05
1694246400000,4e-06
1694275200000,1.7e-05
1694304000000,3.4e-05
1694332800000,6.6e-05
1694361600000,9.4e-05
1694390400000,7.3e-05
1694419200000,2.3e-05
1694448000000,-5e-06
1694476800000,4.2e-05
1694505600000,5e-05
1694534400000,6.6e-05
1694563200000,2.2e-05
1694592000000,-4e-05
1694620800000,4e-06
1694649600000,-2.9e-05
1694678400000,-4e-06
1694707200000,1.1e-05
1694736000000,-1.4e-05
1694764800000,1.5e-05
1694793600000,7.4e-05
1694822400000,-5e-05
1694851200000,-1e-05
1694880000000,5.6e-05
1694908800000,7.2e-05
1694937600000,3.7e-05
1694966400000,2.9e-05
1694995200000,2e-06
1695024000000,0.0001
1695052800000,4.2e-05
1695081600000,5.9e-05
1695110400000,5.1e-05
1695139200000,8.5e-05
1695168000000,5.9e-05
1695196800000,3.1e-05
1695225600000,2.6e-05
1695254400000,3.2e-05
1695283200000,5.9e-05
1695312000000,2.8e-05
1695340800000,-2.3e-05
1695369600000,2e-06
1695398400000,2.7e-05
1695427200000,2.1e-05
1695456000000,-1.7e-05
1695484800000,2.6e-05
1695513600000,5.4e-05
1695542400000,3.7e-05
1695571200000,6.3e-05
1695600000000,1.6e-05
1695628800000,-6e-06
1695657600000,1.9e-05
1695686400000,-5.6e-05
1695715200000,1.9e-05
1695744000000,4.9e-05
1695772800000,-3e-06
1695801600000,2.3e-05
1695830400000,-5.2e-05
1695859200000,5e-05
1695888000000,-9e-06
1695916800000,-3.7e-05
1695945600000,-2.8e-05
1695974400000,1.4e-05
1696003200000,2.6e-05
1696032000000,0.0001
1696060800000,5.4e-05
1696089600000,0.0001
1696118400000,0.0001
1696147200000,9.2e-05
1696176000000,5.1e-05
1696204800000,3.3e-05
1696233600000,-4.9e-05
1696262400000,-3.2e-05
1696291200000,9.6e-05
1696320000000,0.0001
1696348800000,6.7e-05
1696377600000,0.0001
1696406400000,7.3e-05
1696435200000,9.1e-05
1696464000000,8.5e-05
1696492800000,7.7e-05
1696521600000,1.5e-05
1696550400000,5.9e-05
1696579200000,5.2e-05
1696608000000,5e-06
1696636800000,3.2e-05
1696665600000,4.4e-05
1696694400000,-4e-05
1696723200000,-8e-05
1696752000000,-1.7e-05
1696780800000,3.1e-05
1696809600000,-2.5e-05
1696838400000,-1.5e-05
1696867200000,-1.3e-05
1696896000000,9.7e-05
1696924800000,2.4e-05
1696953600000,3.7e-05
1696982400000,8.6e-05
1697011200000,7.2e-05
1697040000000,0.0001
1697068800000,0.0001
1697097600000,9.3e-05
1697126400000,0.0001
1697155200000,0.0001
1697184000000,8e-05
1697212800000,0.0001
1697241600000,0.0001
1697270400000,9.7e-05
1697299200000,0.0001
1697328000000,5.3e-05
1697356800000,6.9e-05
1697385600000,9e-05
1697414400000,1.1e-05
1697443200000,-2.2e-05
1697472000000,5.2e-05
1697500800000,5.5e-05
1697529600000,6e-05
1697558400000,5.1e-05
1697587200000,-1.7e-05
1697616000000,5e-05
1697644800000,2.3e-05
1697673600000,4.4e-05
1697702400000,-3e-06
1697731200000,1.3e-05
1697760000000,-1.7e-05
1697788800000,5.5e-05
1697817600000,8.6e-05
1697846400000,0.0001
1697875200000,0.0001
1697904000000,3e-06
1697932800000,4e-06
1697961600000,1.3e-05
1697990400000,5.4e-05
1698019200000,5.1e-05
1698048000000,0.0001
1698076800000,0.0001
1698105600000,0.0001
1698134400000,0.0001
1698163200000,0.0001
1698192000000,0.0001
1698220800000,0.0001
1698249600000,0.0001
1698278400000,0.0001
1698307200000,0.0001
1698336000000,0.0001
1698364800000,0.0001
1698393600000,0.0001
1698422400000,0.0001
1698451200000,0.0001
1698480000000,0.000179
1698508800000,0.0001
1698537600000,0.0001
1698566400000,0.0001
1698595200000,0.0001
1698624000000,0.0001
1698652800000,0.0001
1698681600000,0.0001
1698710400000,0.0001
1698739200000,0.0001
1698768000000,0.000105
1698796800000,0.0001
1698825600000,0.000119
1698854400000,0.0001
1698883200000,0.000143
1698912000000,0.000185
1698940800000,0.000116
1698969600000,0.0001
1698998400000,0.0001
1699027200000,0.0001
1699056000000,0.0001
1699084800000,0.0001
1699113600000,0.0001
1699142400000,0.0001
1699171200000,0.0001
1699200000000,0.0001
1699228800000,0.000122
1699257600000,0.0001
1699286400000,0.000263
1699315200000,0.0001
1699344000000,0.0001
1699372800000,0.000104
1699401600000,0.000119
1699430400000,0.000258
1699459200000,0.000157
1699488000000,0.000139
1699516800000,0.000204
1699545600000,0.0004
1699574400000,0.00018
1699603200000,0.000453
1699632000000,0.000297
1699660800000,0.000261
1699689600000,0.00024
1699718400000,0.000255
1699747200000,0.000197
1699776000000,0.000207
1699804800000,0.000269
1699833600000,0.000315
1699862400000,0.000324
1699891200000,0.000378
1699920000000,0.000142
1699948800000,0.00017
1699977600000,0.000118
1700006400000,0.0001
1700035200000,0.0001
1700064000000,0.0001
1700092800000,0.0001
1700121600000,0.000202
1700150400000,0.000142
1700179200000,0.0001
1700208000000,0.0001
1700236800000,0.0001
1700265600000,0.0001
1700294400000,0.0001
1700323200000,0.0001
1700352000000,0.0001
1700380800000,0.0001
1700409600000,0.0001
1700438400000,0.0001
1700467200000,0.0001
1700496000000,0.000155
1700524800000,0.0001
1700553600000,0.0001
1700582400000,0.0001
1700611200000,0.0001
1700640000000,0.0001
1700668800000,0.0001
1700697600000,0.0001
1700726400000,0.0001
1700755200000,0.0001
1700784000000,0.0001
1700812800000,0.0001
1700841600000,0.0001
1700870400000,0.0001
1700899200000,0.0001
1700928000000,0.0001
1700956800000,0.0001
1700985600000,0.0001
1701014400000,0.0001
1701043200000,0.0001
1701072000000,0.0001
1701100800000,0.0001
1701129600000,0.0001
1701158400000,0.0001
1701187200000,0.0001
1701216000000,0.0001
1701244800000,0.0001
1701273600000,0.0001
1701302400000,0.0001
1701331200000,0.0001
1701360000000,0.0001
1701388800000,0.0001
1701417600000,0.0001
1701446400000,0.0001
1701475200000,0.0001
1701504000000,0.0001
1701532800000,0.0001
1701561600000,0.0001
1701590400000,0.0001
1701619200000,0.0001
1701648000000,0.0001
1701676800000,0.000392
1701705600000,0.0001
1701734400000,0.0001
1701763200000,0.0001
1701792000000,0.0001
1701820800000,0.0001
1701849600000,0.0001
1701878400000,0.0001
1701907200000,0.0001
1701936000000,0.000107
1701964800000,0.000168
1701993600000,0.000239
1702022400000,0.00044
1702051200000,0.000341
1702080000000,0.000119
1702108800000,0.000493
1702137600000,0.000329
1702166400000,0.000335
1702195200000,0.00031
1702224000000,0.000394
1702252800000,0.000333
1702281600000,0.000159
1702310400000,0.0001
1702339200000,0.000215
1702368000000,0.000165
1702396800000,0.0001
1702425600000,0.000182
1702454400000,0.000155
1702483200000,0.000162
1702512000000,0.000101
1702540800000,0.000123
1702569600000,0.000111
1702598400000,0.000105
1702627200000,0.000154
1702656000000,0.000134
1702684800000,0.0001
1702713600000,0.000244
1702742400000,0.000174
1702771200000,0.000173
1702800000000,0.0001
1702828800000,0.0001
1702857600000,0.000133
1702886400000,0.0001
1702915200000,0.000107
1702944000000,0.0001
1702972800000,0.000177
1703001600000,0.000139
1703030400000,0.0001
1703059200000,0.0001
1703088000000,0.000187
1703116800000,0.000152
1703145600000,0.000225
1703174400000,0.000338
1703203200000,0.000242
1703232000000,0.000306
1703260800000,0.0002
1703289600000,0.000153
1703318400000,0.0001
1703347200000,0.0001
1703376000000,0.0001
1703404800000,0.000252
1703433600000,0.0001
1703462400000,0.0001
1703491200000,0.0001
1703520000000,0.000187
1703548800000,0.000305
1703577600000,0.000279
1703606400000,0.000321
1703635200000,0.000407
1703664000000,0.000422
1703692800000,0.000522
1703721600000,0.000193
1703750400000,0.000389
1703779200000,0.000573
1703808000000,0.000598
1703836800000,0.00044
1703865600000,0.000435
1703894400000,0.000392
1703923200000,0.000369
1703952000000,0.000243
1703980800000,0.000264
1704009600000,0.000401
1704038400000,0.000442
1704067200000,0.000433
1704096000000,0.0005
1704124800000,0.000373
1704153600000,0.000572
1704182400000,0.0005
1704211200000,0.000662
1704240000000,0.000457
1704268800000,0.000354
1704297600000,0.0001
1704326400000,0.0001
1704355200000,0.0001
1704384000000,0.0001
1704412800000,0.0001
1704441600000,0.0001
1704470400000,0.0001
1704499200000,0.0001
1704528000000,0.0001
1704556800000,0.0001
1704585600000,0.0001
1704614400000,0.0001
1704643200000,0.0001
1704672000000,0.0001
1704700800000,0.0001
1704729600000,0.0001
1704758400000,0.0001
1704787200000,0.0001
1704816000000,0.0001
1704844800000,0.0001
1704873600000,0.0001
1704902400000,0.0001
1704931200000,0.0001
1704960000000,0.0001
1704988800000,0.0001
1705017600000,0.0001
1705046400000,0.0001
1705075200000,0.0001
1705104000000,0.0001
1705132800000,0.0001
1705161600000,0.0001
1705190400000,0.0001
1705219200000,0.0001
1705248000000,0.0001
1705276800000,0.0001
1705305600000,0.0001
1705334400000,0.0001
1705363200000,0.0001
1705392000000,0.0001
1705420800000,0.0001
1705449600000,0.0001
1705478400000,0.0001
1705507200000,0.0001
1705536000000,0.0001
1705564800000,0.0001
1705593600000,0.0001
1705622400000,0.0001
1705651200000,0.0001
1705680000000,0.0001
1705708800000,0.0001
1705737600000,0.0001
1705766400000,0.0001
1705795200000,0.0001
1705824000000,0.0001
1705852800000,0.0001
1705881600000,0.0001
1705910400000,0.0001
1705939200000,0.0001
1705968000000,0.0001
1705996800000,0.0001
1706025600000,0.0001
1706054400000,0.0001
1706083200000,0.0001
1706112000000,0.0001
1706140800000,0.0001
1706169600000,0.0001
1706198400000,0.0001
1706227200000,0.0001
1706256000000,0.0001
1706284800000,0.0001
1706313600000,0.0001
1706342400000,0.0001
1706371200000,0.0001
1706400000000,7e-06
1706428800000,5e-06
1706457600000,0.0001
1706486400000,0.0001
1706515200000,0.0001
1706544000000,0.0001
1706572800000,8.2e-05
1706601600000,0.0001
1706630400000,0.0001
1706659200000,1.3e-05
1706688000000,0.0001
1706716800000,0.0001
1706745600000,5.4e-05
1706774400000,0.0001
1706803200000,0.0001
1706832000000,7.3e-05
1706860800000,0.0001
1706889600000,0.0001
1706918400000,8.5e-05
1706947200000,4.7e-05
1706976000000,0.0001
1707004800000,8.6e-05
1707033600000,0.0001
1707062400000,0.0001
1707091200000,8.4e-05
1707120000000,0.0001
1707148800000,0.0001
1707177600000,0.0001
1707206400000,0.0001
1707235200000,0.0001
1707264000000,5.5e-05
1707292800000,0.0001
1707321600000,0.0001
1707350400000,0.0001
1707379200000,6.3e-05
1707408000000,4e-06
1707436800000,-2.9e-05
1707465600000,0.0001
1707494400000,0.0001
1707523200000,0.0001
1707552000000,0.0001
1707580800000,0.0001
1707609600000,0.0001
1707638400000,0.0001
1707667200000,0.0001
1707696000000,0.0001
1707724800000,0.0001
1707753600000,0.0001
1707782400000,0.0001
1707811200000,0.0001
1707840000000,0.0001
1707868800000,0.0001
1707897600000,0.0001
1707926400000,0.000112
1707955200000,0.0001
1707984000000,0.000147
1708012800000,0.000109
1708041600000,0.0001
1708070400000,0.0001
1708099200000,0.0001
1708128000000,0.0001
1708156800000,0.0001
1708185600000,0.0001
1708214400000,0.000122
1708243200000,0.0001
1708272000000,0.0001
1708300800000,0.000177
1708329600000,0.000131
1708358400000,0.000194
1708387200000,0.0001
1708416000000,0.0001
1708444800000,0.0001
1708473600000,0.0001
1708502400000,0.0001
1708531200000,0.0001
1708560000000,0.0001
1708588800000,0.0001
1708617600000,0.0001
1708646400000,0.0001
1708675200000,0.0001
1708704000000,0.0001
1708732800000,0.0001
1708761600000,0.0001
1708790400000,0.000107
1708819200000,0.0001
1708848000000,0.0001
1708876800000,0.0001
1708905600000,0.0001
1708934400000,0.0001
1708963200000,0.0001
1708992000000,0.000263
1709020800000,0.000672
1709049600000,0.000302
1709078400000,0.000234
1709107200000,0.000192
1709136000000,0.000503
1709164800000,0.000614
1709193600000,0.000725
1709222400000,0.000693
1709251200000,0.000393
1709280000000,0.00039
1709308800000,0.000408
1709337600000,0.000132
1709366400000,0.000238
1709395200000,0.000594
1709424000000,0.000543
1709452800000,0.000412
1709481600000,0.000482
1709510400000,0.000454
1709539200000,0.00068
1709568000000,0.00083
1709596800000,0.0008
1709625600000,0.001128
1709654400000,0.000921
1709683200000,0.000282
1709712000000,0.000242
1709740800000,0.000479
1709769600000,0.000275
1709798400000,0.00024
1709827200000,0.000503
1709856000000,0.000359
1709884800000,0.000408
1709913600000,0.000723
1709942400000,0.000231
1709971200000,0.000261
1710000000000,0.000284
1710028800000,0.000331
1710057600000,0.000588
1710086400000,0.000657
1710115200000,0.000419
1710144000000,0.000779
1710172800000,0.000743
1710201600000,0.000498
1710230400000,0.000519
1710259200000,0.000555
1710288000000,0.000341
1710316800000,0.000776
1710345600000,0.000492
1710374400000,0.000286
1710403200000,0.000489
1710432000000,0.000493
1710460800000,0.000509
1710489600000,0.0001
1710518400000,0.0001
1710547200000,0.0001
1710576000000,0.0001
1710604800000,0.0001
1710633600000,0.0001
1710662400000,0.0001
1710691200000,0.000193
1710720000000,0.000135
1710748800000,0.000302
1710777600000,0.0001
1710806400000,0.0001
1710835200000,0.0001
1710864000000,0.000115
1710892800000,0.0001
1710921600000,0.0001
1710950400000,0.0001
1710979200000,0.0001
1711008000000,0.0001
1711036800000,0.0001
1711065600000,0.0001
1711094400000,0.0001
1711123200000,0.0001
1711152000000,0.0001
1711180800000,0.0001
1711209600000,0.0001
1711238400000,0.0001
1711267200000,0.0001
1711296000000,0.0001
1711324800000,0.0001
1711353600000,0.0001
1711382400000,0.000256
1711411200000,0.000102
1711440000000,0.000231
1711468800000,0.000323
1711497600000,0.000463
1711526400000,0.000325
1711555200000,0.000423
1711584000000,0.000377
1711612800000,0.000529
1711641600000,0.000473
1711670400000,0.000433
1711699200000,0.000328
1711728000000,0.000378
1711756800000,0.000261
1711785600000,0.000434
1711814400000,0.000353
1711843200000,0.000305
1711872000000,0.000447
1711900800000,0.000493
1711929600000,0.000653
1711958400000,0.000296
1711987200000,0.000249
1712016000000,0.000245
1712044800000,0.0001
1712073600000,0.0001
1712102400000,0.0001
1712131200000,0.0001
1712160000000,0.0001
1712188800000,0.0001
1712217600000,0.0001
1712246400000,0.0001
1712275200000,0.0001
1712304000000,0.0001
1712332800000,0.0001
1712361600000,0.0001
1712390400000,0.0001
1712419200000,0.0001
1712448000000,0.0001
1712476800000,0.0001
1712505600000,0.0001
1712534400000,0.0001
1712563200000,0.0001
1712592000000,0.000213
1712620800000,0.00021
1712649600000,0.000156
1712678400000,0.000167
1712707200000,0.00012
1712736000000,0.0001
1712764800000,0.0001
1712793600000,0.0001
1712822400000,0.0001
1712851200000,0.0001
1712880000000,0.0001
1712908800000,0.0001
1712937600000,0.0001
1712966400000,0.0001
1712995200000,0.0001
1713024000000,0.0001
1713052800000,7.4e-05
1713081600000,0.0001
1713110400000,0.0001
1713139200000,8.3e-05
1713168000000,-3.8e-05
1713196800000,5e-06
1713225600000,8.7e-05
1713254400000,6.2e-05
1713283200000,6.6e-05
1713312000000,3.7e-05
1713340800000,7e-06
1713369600000,4.4e-05
1713398400000,7.3e-05
1713427200000,-4.1e-05
1713456000000,-5.4e-05
1713484800000,-3e-05
1713513600000,0.0001
1713542400000,5.6e-05
1713571200000,3.6e-05
1713600000000,9e-06
1713628800000,-7e-05
1713657600000,-1.9e-05
1713686400000,4.8e-05
1713715200000,5e-05
1713744000000,9.4e-05
1713772800000,0.0001
1713801600000,-7.4e-05
1713830400000,-0.000154
1713859200000,-1.7e-05
1713888000000,7.6e-05
1713916800000,0.0001
1713945600000,0.0001
1713974400000,4.9e-05
1714003200000,0.0001
1714032000000,-1.4e-05
1714060800000,2.5e-05
1714089600000,-1.1e-05
1714118400000,-3.4e-05
1714147200000,6.2e-05
1714176000000,0.0001
1714204800000,0.0001
1714233600000,0.0001
1714262400000,4e-05
1714291200000,7.9e-05
1714320000000,7.9e-05
1714348800000,1.8e-05
1714377600000,-5.8e-05
1714406400000,0.0001
1714435200000,1.4e-05
1714464000000,6e-06
1714492800000,8.4e-05
1714521600000,0.0001
1714550400000,0.0001
1714579200000,5e-05
1714608000000,1.4e-05
1714636800000,0.0001
1714665600000,-0.000105
1714694400000,-9.4e-05
1714723200000,-5.2e-05
1714752000000,-8.7e-05
1714780800000,-9.5e-05
1714809600000,1.8e-05
1714838400000,-2.3e-05
1714867200000,3e-05
1714896000000,7.1e-05
1714924800000,0.0001
1714953600000,4.5e-05
1714982400000,7.2e-05
1715011200000,8.7e-05
1715040000000,0.0001
1715068800000,0.0001
1715097600000,0.0001
1715126400000,0.0001
1715155200000,0.0001
1715184000000,0.0001
1715212800000,0.0001
1715241600000,4.6e-05
1715270400000,9e-05
1715299200000,3e-06
1715328000000,1.1e-05
1715356800000,0.0001
1715385600000,0.0001
1715414400000,0.0001
1715443200000,0.0001
1715472000000,0.0001
1715500800000,5.7e-05
1715529600000,0.0001
1715558400000,-1e-06
1715587200000,9e-05
1715616000000,1e-05
1715644800000,-2.5e-05
1715673600000,0.0001
1715702400000,9.4e-05
1715731200000,6.6e-05
1715760000000,3.6e-05
1715788800000,-6.8e-05
1715817600000,3.3e-05
1715846400000,6.6e-05
1715875200000,2.9e-05
1715904000000,0.0001
1715932800000,0.0001
1715961600000,0.0001
1715990400000,2.2e-05
1716019200000,7.8e-05
1716048000000,1.5e-05
1716076800000,4.4e-05
1716105600000,9.1e-05
1716134400000,7.2e-05
1716163200000,1.9e-05
1716192000000,0.0001
1716220800000,6.1e-05
1716249600000,0.0001
1716278400000,0.0001
1716307200000,0.0001
1716336000000,0.0001
1716364800000,0.0001
1716393600000,0.0001
1716422400000,0.0001
1716451200000,0.000153
1716480000000,0.000104
1716508800000,0.0001
1716537600000,0.0001
1716566400000,0.0001
1716595200000,0.0001
1716624000000,0.0001
1716652800000,0.0001
1716681600000,0.0001
1716710400000,0.0001
1716739200000,0.0001
1716768000000,0.0001
1716796800000,0.0001
1716825600000,0.0001
1716854400000,0.0001
1716883200000,0.0001
1716912000000,0.0001
1716940800000,0.0001
1716969600000,0.000107
1716998400000,0.0001
1717027200000,0.0001
1717056000000,0.0001
1717084800000,0.0001
1717113600000,0.0001
1717142400000,0.0001
1717171200000,0.0001
1717200000000,0.0001
1717228800000,0.0001
1717257600000,0.0001
1717286400000,0.0001
1717315200000,0.0001
1717344000000,0.0001
1717372800000,0.0001
1717401600000,0.0001
1717430400000,0.0001
1717459200000,0.0001
1717488000000,0.000163
1717516800000,0.0001
1717545600000,0.0001
1717574400000,0.00011
1717603200000,0.0001
1717632000000,0.0001
1717660800000,0.0001
1717689600000,0.0001
1717718400000,0.0001
1717747200000,0.0001
1717776000000,0.000146
1717804800000,0.00015
1717833600000,0.0001
1717862400000,0.0001
1717891200000,0.0001
1717920000000,0.0001
1717948800000,0.0001
1717977600000,0.0001
1718006400000,0.0001
1718035200000,0.0001
1718064000000,0.0001
1718092800000,0.0001
1718121600000,0.0001
1718150400000,2.7e-05
1718179200000,1.5e-05
1718208000000,2.6e-05
1718236800000,0.0001
1718265600000,4.5e-05
1718294400000,4.7e-05
1718323200000,2.2e-05
1718352000000,0.0001
1718380800000,4.9e-05
1718409600000,8e-06
1718438400000,9e-05
1718467200000,2.8e-05
1718496000000,1.2e-05
1718524800000,-2e-05
1718553600000,-2.5e-05
1718582400000,-3e-05
1718611200000,4e-06
1718640000000,-1e-05
1718668800000,2e-06
1718697600000,0.0001
1718726400000,6.4e-05
1718755200000,0.0001
1718784000000,8e-05
1718812800000,2e-06
1718841600000,8.4e-05
1718870400000,0.0001
1718899200000,0.0001
1718928000000,7.6e-05
1718956800000,-2e-06
1718985600000,-3.1e-05
1719014400000,9.1e-05
1719043200000,-7.7e-05
1719072000000,1.4e-05
1719100800000,1.4e-05
1719129600000,-2.9e-05
1719158400000,3.3e-05
1719187200000,1.5e-05
1719216000000,-7e-05
1719244800000,-0.000141
1719273600000,-0.000119
1719302400000,-8.3e-05
1719331200000,-2.7e-05
1719360000000,-0.000126
1719388800000,-9.4e-05
1719417600000,-6.6e-05
1719446400000,-3.5e-05
1719475200000,4.9e-05
1719504000000,8.3e-05
1719532800000,3.2e-05
1719561600000,2.5e-05
1719590400000,-2.5e-05
1719619200000,0.0001
1719648000000,-0.000149
1719676800000,5.1e-05
1719705600000,-5.9e-05
1719734400000,-6.3e-05
1719763200000,-0.000143
1719792000000,-1.8e-05
1719820800000,-0.000119
1719849600000,-3.6e-05
1719878400000,-6.6e-05
1719907200000,-6e-06
1719936000000,5.2e-05
1719964800000,4.2e-05
1719993600000,3.3e-05
1720022400000,-2.3e-05
1720051200000,5.8e-05
1720080000000,3.3e-05
1720108800000,-2.6e-05
1720137600000,4.5e-05
1720166400000,0.0001
1720195200000,1.6e-05
1720224000000,-1.2e-05
1720252800000,7.6e-05
1720281600000,5.3e-05
1720310400000,-5.5e-05
1720339200000,0.0001
1720368000000,5.7e-05
1720396800000,-2.3e-05
1720425600000,8.7e-05
1720454400000,0.0001
1720483200000,9e-05
1720512000000,0.0001
1720540800000,0.0001
1720569600000,0.0001
1720598400000,3.9e-05
1720627200000,0.0001
1720656000000,0.0001
1720684800000,4.1e-05
1720713600000,8e-06
1720742400000,0.0001
1720771200000,4.7e-05
1720800000000,-3.4e-05
1720828800000,-2e-06
1720857600000,1e-06
1720886400000,7.8e-05
1720915200000,5.5e-05
1720944000000,0.0001
1720972800000,2.7e-05
1721001600000,1e-06
1721030400000,-5e-06
1721059200000,0.0001
1721088000000,-4.6e-05
1721116800000,0.0001
1721145600000,0.0001
1721174400000,8e-05
1721203200000,0.0001
1721232000000,-2e-05
1721260800000,3e-06
1721289600000,5.1e-05
1721318400000,1.3e-05
1721347200000,9.4e-05
1721376000000,0.0001
1721404800000,0.0001
1721433600000,9.5e-05
1721462400000,4.9e-05
1721491200000,3.9e-05
1721520000000,8.3e-05
1721548800000,6.7e-05
1721577600000,0.0001
1721606400000,0.0001
1721635200000,0.0001
1721664000000,0.0001
1721692800000,5.3e-05
1721721600000,0.0001
1721750400000,4e-05
1721779200000,0.0001
1721808000000,0.0001
1721836800000,0.0001
1721865600000,0.0001
1721894400000,0.0001
1721923200000,0.0001
1721952000000,2.2e-05
1721980800000,6.2e-05
1722009600000,5.9e-05
1722038400000,8.3e-05
1722067200000,0.0001
1722096000000,0.0001
1722124800000,0.0001
1722153600000,0.0001
1722182400000,0.0001
1722211200000,0.0001
1722240000000,0.0001
1722268800000,0.0001
1722297600000,0.0001
1722326400000,-0.000114
1722355200000,7.7e-05
1722384000000,0.0001
1722412800000,0.0001
1722441600000,4.9e-05
1722470400000,9.5e-05
1722499200000,7.1e-05
1722528000000,3.5e-05
1722556800000,0.0001
1722585600000,0.0001
1722614400000,2.5e-05
1722643200000,2e-06
1722672000000,-5.6e-05
1722700800000,1e-06
1722729600000,3.5e-05
1722758400000,4e-05
1722787200000,5e-06
1722816000000,2e-05
1722844800000,-6e-06
1722873600000,-5.1e-05
1722902400000,8e-06
1722931200000,1.9e-05
1722960000000,0.0001
1722988800000,2.7e-05
1723017600000,6.8e-05
1723046400000,0.0001
1723075200000,4.6e-05
1723104000000,9.4e-05
1723132800000,-2.9e-05
1723161600000,-1.9e-05
1723190400000,2.6e-05
1723219200000,-1.8e-05
1723248000000,4.4e-05
1723276800000,0.0001
1723305600000,5.3e-05
1723334400000,8.6e-05
1723363200000,3.8e-05
1723392000000,-3e-05
1723420800000,0.0001
1723449600000,0.0001
1723478400000,2.2e-05
1723507200000,-1e-06
1723536000000,0.0001
1723564800000,4.7e-05
1723593600000,-1.8e-05
1723622400000,-3e-06
1723651200000,-1.7e-05
1723680000000,1e-05
1723708800000,1.9e-05
1723737600000,5.5e-05
1723766400000,4e-05
1723795200000,4.9e-05
1723824000000,3.9e-05
1723852800000,6.2e-05
1723881600000,6.4e-05
1723910400000,8.4e-05
1723939200000,7.9e-05
1723968000000,-3e-06
1723996800000,1.3e-05
1724025600000,1.3e-05
1724054400000,-1.6e-05
1724083200000,5e-06
1724112000000,-2.9e-05
1724140800000,6.9e-05
1724169600000,1.1e-05
1724198400000,-3.5e-05
1724227200000,-2.7e-05
1724256000000,1e-06
1724284800000,-8e-06
1724313600000,4.5e-05
1724342400000,6.2e-05
1724371200000,0.0001
1724400000000,7.6e-05
1724428800000,2.5e-05
1724457600000,-2.2e-05
1724486400000,8.7e-05
1724515200000,9e-05
1724544000000,0.0001
1724572800000,4e-05
1724601600000,0.0001
1724630400000,8.2e-05
1724659200000,4e-06
1724688000000,6.2e-05
1724716800000,8.1e-05
1724745600000,7.4e-05
1724774400000,0.0001
1724803200000,-8e-06
1724832000000,-6e-06
1724860800000,-3.2e-05
1724889600000,1e-05
1724918400000,3.5e-05
1724947200000,6e-06
1724976000000,-0.000122
1725004800000,1.7e-05
1725033600000,1.8e-05
1725062400000,3.4e-05
1725091200000,7.1e-05
1725120000000,4.8e-05
1725148800000,9.5e-05
1725177600000,4.6e-05
1725206400000,-9e-06
1725235200000,-2.5e-05
1725264000000,-4.3e-05
1725292800000,3.9e-05
1725321600000,2.8e-05
1725350400000,2.4e-05
1725379200000,7.7e-05
1725408000000,4.6e-05
1725436800000,4e-06
1725465600000,-2.8e-05
1725494400000,-4.2e-05
1725523200000,-2e-06
1725552000000,8e-06
1725580800000,-4.6e-05
1725609600000,-1.7e-05
1725638400000,2e-06
1725667200000,2.8e-05
1725696000000,2.4e-05
1725724800000,3.4e-05
1725753600000,4.7e-05
1725782400000,1.8e-05
1725811200000,3.3e-05
1725840000000,9.9e-05
1725868800000,9.1e-05
1725897600000,-3.5e-05
1725926400000,0.0001
1725955200000,1.3e-05
1725984000000,1e-05
1726012800000,4e-05
1726041600000,1.7e-05
1726070400000,9.2e-05
1726099200000,3e-06
1726128000000,6.6e-05
1726156800000,2.5e-05
1726185600000,3.2e-05
1726214400000,-4.3e-05
1726243200000,1.6e-05
1726272000000,-1.7e-05
1726300800000,-8e-06
1726329600000,-2.4e-05
1726358400000,7.5e-05
1726387200000,2e-06
1726416000000,7.3e-05
1726444800000,3.4e-05
1726473600000,2.2e-05
1726502400000,4.5e-05
1726531200000,0.0001
1726560000000,7.7e-05
1726588800000,2.3e-05
1726617600000,6e-06
1726646400000,5.5e-05
1726675200000,8.8e-05
1726704000000,9.8e-05
1726732800000,6.6e-05
1726761600000,5.1e-05
1726790400000,3.8e-05
1726819200000,-1.6e-05
1726848000000,0.0001
1726876800000,0.0
1726905600000,-5e-06
1726934400000,-1.1e-05
1726963200000,-6e-06
1726992000000,-4.4e-05
1727020800000,5.5e-05
1727049600000,0.0001
1727078400000,-1.1e-05
1727107200000,4.4e-05
1727136000000,8.2e-05
1727164800000,7.9e-05
1727193600000,2.4e-05
1727222400000,0.0001
1727251200000,0.0001
1727280000000,0.0001
1727308800000,0.0001
1727337600000,0.0001
1727366400000,9e-05
1727395200000,7.7e-05
1727424000000,8.7e-05
1727452800000,3.8e-05
1727481600000,4.6e-05
1727510400000,0.0001
1727539200000,6.5e-05
1727568000000,0.0001
1727596800000,0.0001
1727625600000,0.0001
1727654400000,0.0001
1727683200000,0.0001
1727712000000,0.0001
1727740800000,2.7e-05
1727769600000,2e-06
1727798400000,5.3e-05
1727827200000,0.0001
1727856000000,9.1e-05
1727884800000,-9e-06
1727913600000,7.2e-05
1727942400000,0.0001
1727971200000,7.4e-05
1728000000000,0.0001
1728028800000,9e-06
1728057600000,6.6e-05
1728086400000,1.5e-05
1728115200000,3.7e-05
1728144000000,7.1e-05
1728172800000,0.0001
1728201600000,0.0001
1728230400000,4.3e-05
1728259200000,1.3e-05
1728288000000,1e-06
1728316800000,8.2e-05
1728345600000,-2.3e-05
1728374400000,-6e-06
1728403200000,1e-06
1728432000000,2.2e-05
1728460800000,8.4e-05
1728489600000,8.9e-05
1728518400000,2.7e-05
1728547200000,5.1e-05
1728576000000,6.6e-05
1728604800000,7e-06
1728633600000,4.7e-05
1728662400000,0.0001
1728691200000,0.0001
1728720000000,0.0001
1728748800000,6.7e-05
1728777600000,9.2e-05
1728806400000,5.9e-05
1728835200000,7e-05
1728864000000,6.1e-05
1728892800000,0.0001
1728921600000,0.0001
1728950400000,0.0001
1728979200000,0.0001
1729008000000,0.0001
1729036800000,0.0001
1729065600000,0.0001
1729094400000,0.0001
1729123200000,0.0001
1729152000000,0.0001
1729180800000,0.0001
1729209600000,8.5e-05
1729238400000,0.0001
1729267200000,0.0001
1729296000000,0.0001
1729324800000,0.0001
1729353600000,0.0001
1729382400000,0.0001
1729411200000,0.0001
1729440000000,0.0001
1729468800000,0.0001
1729497600000,0.0001
1729526400000,0.0001
1729555200000,0.0001
1729584000000,0.0001
1729612800000,0.0001
1729641600000,0.0001
1729670400000,0.0001
1729699200000,0.0001
1729728000000,0.0001
1729756800000,0.0001
1729785600000,0.0001
1729814400000,0.0001
1729843200000,7.1e-05
1729872000000,0.0001
1729900800000,7.5e-05
1729929600000,0.0001
1729958400000,8.6e-05
1729987200000,8.7e-05
1730016000000,0.0001
1730044800000,9.7e-05
1730073600000,0.0001
1730102400000,0.0001
1730131200000,0.0001
1730160000000,0.0001
1730188800000,0.0001
1730217600000,0.0001
1730246400000,0.0001
1730275200000,0.0001
1730304000000,0.0001
1730332800000,0.0001
1730361600000,0.0001
1730390400000,0.0001
1730419200000,0.0001
1730448000000,0.0001
1730476800000,0.0001
1730505600000,0.0001
1730534400000,0.0001
1730563200000,0.0001
1730592000000,0.0001
1730620800000,0.0001
1730649600000,0.0001
1730678400000,0.0001
1730707200000,0.0001
1730736000000,0.0001
1730764800000,0.0001
1730793600000,0.0001
1730822400000,0.0001
1730851200000,7.4e-05
1730880000000,0.0001
1730908800000,0.0001
1730937600000,0.0001
1730966400000,0.000112
1730995200000,0.0001
1731024000000,0.0001
1731052800000,0.0001
1731081600000,0.0001
1731110400000,0.0001
1731139200000,0.0001
1731168000000,0.0001
1731196800000,0.0001
1731225600000,0.000328
1731254400000,0.00019
1731283200000,0.000391
1731312000000,0.00018
1731340800000,0.0001
1731369600000,0.000386
1731398400000,0.000618
1731427200000,0.000503
1731456000000,0.000145
1731484800000,0.0001
1731513600000,0.000352
1731542400000,0.0001
1731571200000,0.000165
1731600000000,0.000128
1731628800000,0.0001
1731657600000,0.0001
1731686400000,0.0001
1731715200000,0.000195
1731744000000,0.000392
1731772800000,0.00025
1731801600000,0.000293
1731830400000,0.000308
1731859200000,0.000357
1731888000000,0.000211
1731916800000,0.000539
1731945600000,0.000331
1731974400000,0.000318
1732003200000,0.000399
1732032000000,0.000242
1732060800000,0.0001
1732089600000,0.000115
1732118400000,0.000164
1732147200000,0.0001
1732176000000,0.000142
1732204800000,0.000174
1732233600000,0.000159
1732262400000,0.00029
1732291200000,0.000238
1732320000000,0.0001
1732348800000,0.000174
1732377600000,0.000253
1732406400000,0.000349
1732435200000,0.000324
1732464000000,0.000291
1732492800000,0.000363
1732521600000,0.000352
1732550400000,0.000349
1732579200000,0.0001
1732608000000,0.000127
1732636800000,0.0001
1732665600000,0.000236
1732694400000,0.000232
1732723200000,0.000271
1732752000000,0.000194
1732780800000,0.000199
1732809600000,0.000232
1732838400000,0.000309
1732867200000,0.000254
1732896000000,0.000353
1732924800000,0.000169
1732953600000,0.000282
1732982400000,0.00015
1733011200000,0.000153
1733040000000,0.000331
1733068800000,0.000166
1733097600000,0.000151
1733126400000,0.000142
1733155200000,0.0001
1733184000000,0.0001
1733212800000,0.000251
1733241600000,0.000123
1733270400000,0.000278
1733299200000,0.000426
1733328000000,0.000363
1733356800000,0.000312
1733385600000,0.001086
1733414400000,0.000648
1733443200000,0.000135
1733472000000,0.0001
1733500800000,0.0001
1733529600000,0.000151
1733558400000,0.0001
1733587200000,0.0001
1733616000000,0.000261
1733644800000,0.000249
1733673600000,0.000291
1733702400000,0.000179
1733731200000,0.0001
1733760000000,0.000158
1733788800000,0.0001
1733817600000,0.0001
1733846400000,0.0001
1733875200000,0.0001
1733904000000,0.0001
1733932800000,0.0001
1733961600000,0.0001
1733990400000,0.0001
1734019200000,0.0001
1734048000000,0.0001
1734076800000,0.0001
1734105600000,0.0001
1734134400000,0.0001
1734163200000,0.0001
1734192000000,0.0001
1734220800000,0.0001
1734249600000,0.0001
1734278400000,0.0001
1734307200000,0.0001
1734336000000,0.0001
1734364800000,0.0001
1734393600000,0.0001
1734422400000,0.0001
1734451200000,0.0001
1734480000000,0.0001
1734508800000,9.3e-05
1734537600000,0.0001
1734566400000,6.9e-05
1734595200000,-4.5e-05
1734624000000,-2.7e-05
1734652800000,-4.8e-05
1734681600000,2.8e-05
1734710400000,9.1e-05
1734739200000,-3e-05
1734768000000,-3.7e-05
1734796800000,-1.9e-05
1734825600000,1.5e-05
1734854400000,4.6e-05
1734883200000,2.2e-05
1734912000000,2.1e-05
1734940800000,4e-06
1734969600000,3.7e-05
1734998400000,5e-05
1735027200000,5.2e-05
1735056000000,8.1e-05
1735084800000,0.0001
1735113600000,0.0001
1735142400000,0.0001
1735171200000,0.0001
1735200000000,7e-05
1735228800000,4.1e-05
1735257600000,1.1e-05
1735286400000,5.3e-05
1735315200000,3e-06
1735344000000,7e-06
1735372800000,-3.3e-05
1735401600000,6e-06
1735430400000,3.5e-05
1735459200000,1e-06
1735488000000,3.2e-05
1735516800000,-6e-05
1735545600000,-1.8e-05
1735574400000,-3e-05
1735603200000,9e-06
1735632000000,-2e-06
1735660800000,0.0001
1735689600000,0.0001
1735718400000,7.1e-05
1735747200000,6.9e-05
1735776000000,0.0001
1735804800000,0.0001
1735833600000,0.0001
1735862400000,0.0001
1735891200000,9e-05
1735920000000,0.0001
1735948800000,3.8e-05
1735977600000,9.9e-05
1736006400000,5.3e-05
1736035200000,0.0001
1736064000000,0.0001
1736092800000,7.5e-05
1736121600000,0.0001
1736150400000,0.0001
1736179200000,0.0001
1736208000000,5.3e-05
1736236800000,2.9e-05
1736265600000,0.0001
1736294400000,8.6e-05
1736323200000,4.9e-05
1736352000000,9.6e-05
1736380800000,6.4e-05
1736409600000,5.1e-05
1736438400000,-8e-06
1736467200000,6.9e-05
1736496000000,9e-06
1736524800000,7e-05
1736553600000,6.1e-05
1736582400000,6.7e-05
1736611200000,5e-05
1736640000000,8.3e-05
1736668800000,6e-05
1736697600000,8.8e-05
1736726400000,0.0001
1736755200000,7.4e-05
1736784000000,7e-06
1736812800000,0.0001
1736841600000,0.0001
1736870400000,0.0001
1736899200000,5.3e-05
1736928000000,7e-05
1736956800000,0.0001
1736985600000,5.8e-05
1737014400000,0.0001
1737043200000,0.0001
1737072000000,7.6e-05
1737100800000,0.0001
1737129600000,0.0001
1737158400000,9.3e-05
1737187200000,0.0001
1737216000000,0.0001
1737244800000,0.0001
1737273600000,0.0001
1737302400000,0.0001
1737331200000,0.0001
1737360000000,0.0001
1737388800000,0.0001
1737417600000,0.0001
1737446400000,0.0001
1737475200000,0.0001
1737504000000,0.0001
1737532800000,0.0001
1737561600000,0.0001
1737590400000,0.0001
1737619200000,0.0001
1737648000000,0.0001
1737676800000,4.4e-05
1737705600000,9.5e-05
1737734400000,0.0001
1737763200000,0.0001
1737792000000,7.5e-05
1737820800000,5.2e-05
1737849600000,0.0001
1737878400000,0.0001
1737907200000,0.0001
1737936000000,0.0001
1737964800000,3e-06
1737993600000,1.3e-05
1738022400000,6e-06
1738051200000,5.2e-05
1738080000000,7e-06
1738108800000,-2.2e-05
1738137600000,1.8e-05
1738166400000,6.5e-05
1738195200000,7.6e-05
1738224000000,0.0001
1738252800000,0.0001
1738281600000,1.2e-05
1738310400000,3.3e-05
1738339200000,2.7e-05
1738368000000,-0.000149
1738396800000,-0.00012
1738425600000,-2.4e-05
1738454400000,-1.2e-05
1738483200000,-1.7e-05
1738512000000,-2e-05
1738540800000,6.4e-05
1738569600000,1.2e-05
1738598400000,-5.1e-05
1738627200000,-1.3e-05
1738656000000,0.0001
1738684800000,7.9e-05
1738713600000,1.2e-05
1738742400000,2.6e-05
1738771200000,0.0001
1738800000000,6.6e-05
1738828800000,8e-05
1738857600000,6.8e-05
1738886400000,7.2e-05
1738915200000,3.4e-05
1738944000000,8.3e-05
1738972800000,-5.7e-05
1739001600000,1.7e-05
1739030400000,7e-06
1739059200000,2.1e-05
1739088000000,9e-06
1739116800000,3.1e-05
1739145600000,2.2e-05
1739174400000,8.6e-05
1739203200000,9.2e-05
1739232000000,7.6e-05
1739260800000,5.6e-05
1739289600000,-1.8e-05
1739318400000,1.7e-05
1739347200000,3.2e-05
1739376000000,5e-06
1739404800000,9.8e-05
1739433600000,6.4e-05
1739462400000,4.5e-05
1739491200000,8.9e-05
1739520000000,0.0001
1739548800000,0.0001
1739577600000,3e-05
1739606400000,1e-06
1739635200000,5.1e-05
1739664000000,5.3e-05
1739692800000,-1.5e-05
1739721600000,3e-06
1739750400000,9e-06
1739779200000,3.1e-05
1739808000000,0.0
1739836800000,2.8e-05
1739865600000,1.5e-05
1739894400000,9.4e-05
1739923200000,9.7e-05
1739952000000,0.0001
1739980800000,0.0001
1740009600000,0.0001
1740038400000,0.0001
1740067200000,7.8e-05
1740096000000,1.3e-05
1740124800000,8e-05
1740153600000,3.3e-05
1740182400000,0.000514
1740211200000,0.00025
1740240000000,0.0001
1740268800000,0.0001
1740297600000,0.0001
1740326400000,0.0001
1740355200000,0.0001
1740384000000,0.0001
1740412800000,0.0001
1740441600000,0.0001
1740470400000,0.0001
1740499200000,0.0001
1740528000000,0.0001
1740556800000,0.0001
1740585600000,9.7e-05
1740614400000,-0.000145
1740643200000,-9.6e-05
1740672000000,8.9e-05
1740700800000,0.0001
1740729600000,2.6e-05
1740758400000,-0.000147
1740787200000,0.0001
1740816000000,4.5e-05
1740844800000,9e-06
1740873600000,7.2e-05
1740902400000,0.0001
1740931200000,6.9e-05
1740960000000,0.0001
1740988800000,0.0001
1741017600000,0.0001
1741046400000,-3.4e-05
1741075200000,3e-06
1741104000000,1.2e-05
1741132800000,0.0001
1741161600000,0.0001
1741190400000,0.0001
1741219200000,2.6e-05
1741248000000,0.0001
1741276800000,1e-05
1741305600000,1.3e-05
1741334400000,8e-05
1741363200000,0.0001
1741392000000,0.0001
1741420800000,6.4e-05
1741449600000,1.3e-05
1741478400000,3.8e-05
1741507200000,4.8e-05
1741536000000,-3.2e-05
1741564800000,-0.000294
1741593600000,-7.3e-05
1741622400000,-8.2e-05
1741651200000,8e-06
1741680000000,-1.6e-05
1741708800000,6.8e-05
1741737600000,8.8e-05
1741766400000,7.9e-05
1741795200000,4.8e-05
1741824000000,5.5e-05
1741852800000,8.5e-05
1741881600000,-1.3e-05
1741910400000,-0.000159
1741939200000,4.5e-05
1741968000000,0.0001
1741996800000,0.0001
1742025600000,0.0001
1742054400000,2.5e-05
1742083200000,9e-05
1742112000000,2.7e-05
1742140800000,-6.5e-05
1742169600000,-1.9e-05
1742198400000,6.6e-05
1742227200000,-7e-06
1742256000000,-1.9e-05
1742284800000,1.8e-05
1742313600000,1e-06
1742342400000,-6.1e-05
1742371200000,7.6e-05
1742400000000,7.7e-05
1742428800000,1.1e-05
1742457600000,7.1e-05
1742486400000,-1e-05
1742515200000,-1.4e-05
1742544000000,2.1e-05
1742572800000,-5e-06
1742601600000,4.7e-05
1742630400000,2.9e-05
1742659200000,3e-06
1742688000000,-1.5e-05
1742716800000,1.6e-05
1742745600000,-3.5e-05
1742774400000,2e-05
1742803200000,9.1e-05
1742832000000,3e-05
1742860800000,1.7e-05
1742889600000,-4e-06
1742918400000,8e-06
1742947200000,-1.7e-05
1742976000000,7.1e-05
1743004800000,-4.9e-05
1743033600000,-1.9e-05
1743062400000,4.7e-05
1743091200000,-4e-05
1743120000000,-5e-06
1743148800000,-7e-06
1743177600000,3.9e-05
1743206400000,3.7e-05
1743235200000,-1.7e-05
1743264000000,7e-06
1743292800000,4.2e-05
1743321600000,-4.3e-05
1743350400000,4e-06
1743379200000,-3e-06
1743408000000,2.7e-05
1743436800000,-3e-06
1743465600000,-0.000118
1743494400000,2.7e-05
1743523200000,1.8e-05
1743552000000,2.3e-05
1743580800000,-2.5e-05
1743609600000,-2.8e-05
1743638400000,-2.1e-05
1743667200000,1.4e-05
1743696000000,-9e-06
1743724800000,0.0001
1743753600000,9.3e-05
1743782400000,3e-05
1743811200000,9.5e-05
1743840000000,9.7e-05
1743868800000,3.4e-05
1743897600000,9.2e-05
1743926400000,9.9e-05
1743955200000,4e-06
1743984000000,1e-06
1744012800000,-3.2e-05
1744041600000,3.7e-05
1744070400000,9e-06
1744099200000,7.2e-05
1744128000000,3.5e-05
1744156800000,2.3e-05
1744185600000,-2.1e-05
1744214400000,0.0001
1744243200000,9.2e-05
1744272000000,0.0001
1744300800000,4.7e-05
1744329600000,-3e-05
1744358400000,5e-05
1744387200000,0.0001
1744416000000,7e-05
1744444800000,-9e-06
1744473600000,1.5e-05
1744502400000,7.7e-05
1744531200000,1.2e-05
1744560000000,-4e-06
1744588800000,-3.4e-05
1744617600000,5.2e-05
1744646400000,3.9e-05
1744675200000,4e-06
1744704000000,0.0001
1744732800000,7.2e-05
1744761600000,-6.2e-05
1744790400000,-9.1e-05
1744819200000,-1.9e-05
1744848000000,-1e-05
1744876800000,8e-06
1744905600000,-1.1e-05
1744934400000,3.4e-05
1744963200000,3e-06
1744992000000,-5.1e-05
1745020800000,-1.2e-05
1745049600000,6.9e-05
1745078400000,0.0001
1745107200000,7e-05
1745136000000,-1.8e-05
1745164800000,-7.7e-05
1745193600000,1.9e-05
1745222400000,0.0001
1745251200000,9.1e-05
1745280000000,4e-05
1745308800000,4e-05
1745337600000,-1.9e-05
1745366400000,-2.6e-05
1745395200000,6e-05
1745424000000,2.2e-05
1745452800000,-3.8e-05
1745481600000,1.5e-05
1745510400000,-6e-06
1745539200000,8.9e-05
1745568000000,3.2e-05
1745596800000,4.9e-05
1745625600000,-7.5e-05
1745654400000,1.5e-05
1745683200000,5e-05
1745712000000,-6.6e-05
1745740800000,-1.7e-05
1745769600000,-3.3e-05
1745798400000,1.1e-05
1745827200000,5.6e-05
1745856000000,6e-06
1745884800000,-4.4e-05
1745913600000,3.9e-05
1745942400000,1.3e-05
1745971200000,-2.3e-05
1746000000000,9.2e-05
1746028800000,0.0
1746057600000,0.0
1746086400000,5.3e-05
1746115200000,3.8e-05
1746144000000,-3.5e-05
1746172800000,2.9e-05
1746201600000,-3e-05
1746230400000,-0.000111
1746259200000,-1.5e-05
1746288000000,-6.6e-05
1746316800000,3e-06
1746345600000,4.6e-05
1746374400000,3.5e-05
1746403200000,-7.1e-05
1746432000000,6.7e-05
1746460800000,2.2e-05
1746489600000,-1.8e-05
1746518400000,-7e-06
1746547200000,2.8e-05
1746576000000,1.7e-05
1746604800000,8.9e-05
1746633600000,1.5e-05
1746662400000,6.6e-05
1746691200000,0.0001
1746720000000,0.0001
1746748800000,0.0001
1746777600000,9.2e-05
1746806400000,5.5e-05
1746835200000,7.6e-05
1746864000000,0.0001
1746892800000,0.0001
1746921600000,8.1e-05
1746950400000,0.0001
1746979200000,0.0001
1747008000000,0.0001
1747036800000,0.0001
1747065600000,7.5e-05
1747094400000,6.1e-05
1747123200000,4.2e-05
1747152000000,1.2e-05
1747180800000,2.7e-05
1747209600000,5.8e-05
1747238400000,-1.6e-05
1747267200000,-3.8e-05
1747296000000,-2.8e-05
1747324800000,3.4e-05
1747353600000,-8e-06
1747382400000,3.1e-05
1747411200000,1.6e-05
1747440000000,-2e-06
1747468800000,1.7e-05
1747497600000,2.5e-05
1747526400000,6.2e-05
1747555200000,3.9e-05
1747584000000,0.0001
1747612800000,0.0001
1747641600000,1.1e-05
1747670400000,5.5e-05
1747699200000,5.5e-05
1747728000000,7.1e-05
1747756800000,4e-06
1747785600000,5.1e-05
1747814400000,8e-05
1747843200000,4.2e-05
1747872000000,8e-05
1747900800000,0.0001
1747929600000,9.6e-05
1747958400000,2.2e-05
1747987200000,5.4e-05
1748016000000,6.5e-05
1748044800000,2.2e-05
1748073600000,3.4e-05
1748102400000,4.1e-05
1748131200000,7.4e-05
1748160000000,0.0001
1748188800000,5.5e-05
1748217600000,0.0001
1748246400000,0.0001
1748275200000,9.6e-05
1748304000000,0.0001
1748332800000,3.2e-05
1748361600000,2.2e-05
1748390400000,-0.000156
1748419200000,-9.5e-05
1748448000000,3.2e-05
1748476800000,7.8e-05
1748505600000,6e-05
1748534400000,-1.2e-05
1748563200000,0.0001
1748592000000,9.5e-05
1748620800000,0.0001
1748649600000,0.0001
1748678400000,0.0001
1748707200000,0.0001
1748736000000,0.0001
1748764800000,9.4e-05
1748793600000,7.4e-05
1748822400000,0.0001
1748851200000,6.6e-05
1748880000000,6e-06
1748908800000,2.5e-05
1748937600000,-1.6e-05
1748966400000,5.6e-05
1748995200000,-6e-06
1749024000000,-4.9e-05
1749052800000,3.1e-05
1749081600000,3e-06
1749110400000,-2e-06
1749139200000,1.8e-05
1749168000000,6.6e-05
1749196800000,5e-06
1749225600000,1.4e-05
1749254400000,-5.6e-05
1749283200000,0.0001
1749312000000,1.7e-05
1749340800000,3.4e-05
1749369600000,-1.7e-05
1749398400000,-2.7e-05
1749427200000,-3.7e-05
1749456000000,2.3e-05
1749484800000,0.0001
1749513600000,8.1e-05
1749542400000,8.4e-05
1749571200000,0.0001
1749600000000,7.2e-05
1749628800000,4.5e-05
1749657600000,5.8e-05
1749686400000,5.5e-05
1749715200000,7.6e-05
1749744000000,4.7e-05
1749772800000,-1.2e-05
1749801600000,6.6e-05
1749830400000,4.4e-05
1749859200000,6e-06
1749888000000,-1.6e-05
1749916800000,-2.5e-05
1749945600000,7.3e-05
1749974400000,7.2e-05
1750003200000,0.0001
1750032000000,4.8e-05
1750060800000,0.0001
1750089600000,4.7e-05
1750118400000,3.1e-05
1750147200000,6.7e-05
1750176000000,3e-05
1750204800000,-1.4e-05
1750233600000,2e-06
1750262400000,2.9e-05
1750291200000,1.7e-05
1750320000000,1.3e-05
1750348800000,-1e-06
1750377600000,7.6e-05
1750406400000,6.4e-05
1750435200000,7e-06
1750464000000,3e-05
1750492800000,-2.5e-05
1750521600000,3.4e-05
1750550400000,-5e-06
1750579200000,7.1e-05
1750608000000,6e-06
1750636800000,-9e-06
1750665600000,2e-05
1750694400000,-3.4e-05
1750723200000,3.4e-05
1750752000000,5.7e-05
1750780800000,6e-06
1750809600000,-2.8e-05
1750838400000,4.8e-05
1750867200000,-2.1e-05
1750896000000,-7.6e-05
1750924800000,7e-06
1750953600000,-1e-06
1750982400000,-1.8e-05
1751011200000,1.5e-05
1751040000000,3.7e-05
1751068800000,-4.7e-05
1751097600000,1.2e-05
1751126400000,6e-05
1751155200000,4.1e-05
1751184000000,1.4e-05
1751212800000,9e-06
1751241600000,1e-05
1751270400000,5e-05
1751299200000,-9e-06
1751328000000,-3e-06
1751356800000,-2.2e-05
1751385600000,1.9e-05
1751414400000,5e-05
1751443200000,6.5e-05
1751472000000,5.7e-05
1751500800000,5.3e-05
1751529600000,5.8e-05
1751558400000,7.1e-05
1751587200000,5.7e-05
1751616000000,2.3e-05
1751644800000,2.9e-05
1751673600000,0.0001
1751702400000,6.6e-05
1751731200000,6.1e-05
1751760000000,1.6e-05
1751788800000,1e-06
1751817600000,4.8e-05
1751846400000,8.7e-05
1751875200000,7.1e-05
1751904000000,2.9e-05
1751932800000,-5e-05
1751961600000,3.4e-05
1751990400000,3.9e-05
1752019200000,3.6e-05
1752048000000,4.8e-05
1752076800000,6.7e-05
1752105600000,8.7e-05
1752134400000,6.1e-05
1752163200000,7.9e-05
1752192000000,0.0001
1752220800000,0.0001
1752249600000,0.0001
1752278400000,0.0001
1752307200000,0.0001
1752336000000,0.0001
1752364800000,7.9e-05
1752393600000,8.9e-05
1752422400000,9.3e-05
1752451200000,6.2e-05
1752480000000,0.0001
1752508800000,0.0001
1752537600000,0.0001
1752566400000,0.0001
1752595200000,0.0001
1752624000000,0.0001
1752652800000,0.0001
1752681600000,0.0001
1752710400000,0.0001
1752739200000,0.0001
1752768000000,0.0001
1752796800000,0.0001
1752825600000,0.0001
1752854400000,0.0001
1752883200000,0.0001
1752912000000,0.0001
1752940800000,0.0001
1752969600000,0.0001
1752998400000,0.0001
1753027200000,0.0001
1753056000000,0.0001
1753084800000,0.0001
1753113600000,0.0001
1753142400000,0.0001
1753171200000,0.0001
1753200000000,0.0001
1753228800000,0.000114
1753257600000,0.0001
1753286400000,0.0001
1753315200000,0.0001
1753344000000,0.0001
1753372800000,0.0001
1753401600000,0.0001
1753430400000,0.0001
1753459200000,0.0001
1753488000000,0.0001
1753516800000,0.0001
1753545600000,0.0001
1753574400000,0.0001
1753603200000,0.0001
1753632000000,0.0001
1753660800000,0.0001
1753689600000,0.0001
1753718400000,0.0001
1753747200000,0.0001
1753776000000,0.0001
1753804800000,0.0001
1753833600000,0.0001
1753862400000,0.0001
1753891200000,0.0001
1753920000000,0.0001
1753948800000,0.0001
1753977600000,0.0001
1754006400000,-1.7e-05
1754035200000,-6.3e-05
1754064000000,3.8e-05
1754092800000,0.0001
1754121600000,0.0001
1754150400000,0.0001
1754179200000,0.0001
1754208000000,0.0001
1754236800000,7.9e-05
1754265600000,4.9e-05
1754294400000,5.8e-05
1754323200000,1.8e-05
1754352000000,7.6e-05
1754380800000,0.0001
1754409600000,4.6e-05
1754438400000,0.0001
1754467200000,0.0001
1754496000000,8.7e-05
1754524800000,7.7e-05
1754553600000,9.2e-05
1754582400000,1.4e-05
1754611200000,-3.1e-05
1754640000000,3.5e-05
1754668800000,8.9e-05
1754697600000,2e-06
1754726400000,7.6e-05
1754755200000,-3.2e-05
1754784000000,2e-06
1754812800000,0.0001
1754841600000,0.0001
1754870400000,0.0001
1754899200000,0.0001
1754928000000,0.0001
1754956800000,0.0001
1754985600000,0.0001
1755014400000,3.1e-05
1755043200000,0.0001
1755072000000,0.0001
1755100800000,0.0001
1755129600000,0.0001
1755158400000,0.0001
1755187200000,0.0001
1755216000000,9.4e-05
1755244800000,0.0001
1755273600000,0.0001
1755302400000,3.2e-05
1755331200000,5.5e-05
1755360000000,5e-05
1755388800000,-7e-06
1755417600000,6.7e-05
1755446400000,6.2e-05
1755475200000,0.0001
1755504000000,9.3e-05
1755532800000,2.4e-05
1755561600000,5.5e-05
1755590400000,-1e-05
1755619200000,2.1e-05
1755648000000,0.0001
1755676800000,0.0001
1755705600000,0.0001
1755734400000,8.9e-05
1755763200000,0.0001
1755792000000,0.0001
1755820800000,7.5e-05
1755849600000,0.0001
1755878400000,7.7e-05
1755907200000,0.0001
1755936000000,0.0001
1755964800000,0.0001
1755993600000,0.0001
1756022400000,0.0001
1756051200000,0.0001
1756080000000,0.0001
1756108800000,0.0001
1756137600000,0.0001
1756166400000,0.0001
1756195200000,0.0001
1756224000000,0.0001
1756252800000,0.0001
1756281600000,0.0001
1756310400000,4e-05
1756339200000,4e-05
1756368000000,8.8e-05
1756396800000,7.6e-05
1756425600000,4.1e-05
1756454400000,3.3e-05
1756483200000,4.5e-05
1756512000000,0.0001
1756540800000,0.0001
1756569600000,0.0001
1756598400000,0.0001
1756627200000,3.7e-05
1756656000000,5.3e-05
1756684800000,4.9e-05
1756713600000,0.0001
1756742400000,0.0001
1756771200000,0.0001
1756800000000,0.0001
1756828800000,0.0001
1756857600000,0.0001
1756886400000,0.0001
1756915200000,0.0001
1756944000000,9e-05
1756972800000,5.4e-05
1757001600000,5.3e-05
1757030400000,9.6e-05
1757059200000,0.0001
1757088000000,9.9e-05
1757116800000,8.5e-05
1757145600000,4.6e-05
1757174400000,-9e-06
1757203200000,4.4e-05
1757232000000,0.0001
1757260800000,7e-05
1757289600000,0.0001
1757318400000,2.9e-05
1757347200000,7.9e-05
1757376000000,2.6e-05
1757404800000,1.6e-05
1757433600000,1.4e-05
1757462400000,3.9e-05
1757491200000,0.0001
1757520000000,7.8e-05
1757548800000,8e-06
1757577600000,4.8e-05
1757606400000,0.0001
1757635200000,9.4e-05
1757664000000,6.1e-05
1757692800000,9.9e-05
1757721600000,-3.2e-05
1757750400000,3.1e-05
1757779200000,6.1e-05
1757808000000,2.1e-05
1757836800000,-1.9e-05
1757865600000,5.7e-05
1757894400000,7.6e-05
1757923200000,0.0001
1757952000000,8e-05
1757980800000,0.0001
1758009600000,0.0001
1758038400000,3.5e-05
1758067200000,8.1e-05
1758096000000,4.6e-05
1758124800000,4.6e-05
1758153600000,0.0001
1758182400000,0.0001
1758211200000,8.7e-05
1758240000000,6.7e-05
1758268800000,6.8e-05
1758297600000,3.2e-05
1758326400000,2.9e-05
1758355200000,8.8e-05
1758384000000,0.0001
1758412800000,6.9e-05
1758441600000,0.0001
1758470400000,8.1e-05
1758499200000,4.1e-05
1758528000000,8.3e-05
1758556800000,1e-06
1758585600000,3.5e-05
1758614400000,-1.6e-05
1758643200000,-2.3e-05
1758672000000,-2.5e-05
1758700800000,1e-05
1758729600000,6.9e-05
1758758400000,4e-05
1758787200000,-4e-06
1758816000000,-2.6e-05
1758844800000,5.9e-05
1758873600000,3e-05
1758902400000,7.4e-05
1758931200000,6.8e-05
1758960000000,6.4e-05
1758988800000,6.9e-05
1759017600000,0.0001
1759046400000,1.4e-05
1759075200000,6e-05
1759104000000,0.0001
1759132800000,6.6e-05
1759161600000,0.0001
1759190400000,6.6e-05
1759219200000,8.1e-05
1759248000000,1.3e-05
1759276800000,0.0001
1759305600000,0.0001
1759334400000,2.8e-05
1759363200000,4.2e-05
1759392000000,6.8e-05
1759420800000,9.1e-05
1759449600000,1.5e-05
1759478400000,1e-06
1759507200000,1.4e-05
1759536000000,9e-06
1759564800000,6e-05
1759593600000,4.8e-05
1759622400000,0.0001
1759651200000,0.0001
1759680000000,7.7e-05
1759708800000,9.6e-05
1759737600000,0.0001
1759766400000,7.6e-05
1759795200000,2e-06
1759824000000,-2.9e-05
1759852800000,0.0001
1759881600000,0.0001
1759910400000,0.0001
1759939200000,0.0001
1759968000000,3.1e-05
1759996800000,3.7e-05
1760025600000,5.6e-05
1760054400000,0.0001
1760083200000,0.0001
1760112000000,4.6e-05
1760140800000,-0.000141
1760169600000,0.0001
1760198400000,0.0001
1760227200000,-7e-06
1760256000000,2.8e-05
1760284800000,6.1e-05
1760313600000,0.0001
1760342400000,0.0001
1760371200000,4.8e-05
1760400000000,7.8e-05
1760428800000,-2.3e-05
1760457600000,0.0
1760486400000,1e-05
1760515200000,2.2e-05
1760544000000,-2e-06
1760572800000,3e-06
1760601600000,-5e-06
1760630400000,-3.8e-05
1760659200000,9e-06
1760688000000,-9e-06
1760716800000,1.4e-05
1760745600000,-2.5e-05
1760774400000,-1.3e-05
1760803200000,5.9e-05
1760832000000,4e-05
1760860800000,3.8e-05
1760889600000,0.0001
1760918400000,5.7e-05
1760947200000,0.0001
1760976000000,0.0001
1761004800000,7.2e-05
1761033600000,1.9e-05
1761062400000,8.8e-05
1761091200000,2e-05
1761120000000,4.6e-05
1761148800000,5.5e-05
1761177600000,5.6e-05
1761206400000,0.0001
1761235200000,6.8e-05
1761264000000,-2e-06
1761292800000,0.0001
1761321600000,4.7e-05
1761350400000,3.2e-05
1761379200000,0.0001
1761408000000,0.0001
1761436800000,9.9e-05
1761465600000,5.6e-05
1761494400000,0.0001
1761523200000,0.0001
1761552000000,0.0001
1761580800000,5.9e-05
1761609600000,1e-05
1761638400000,3.6e-05
1761667200000,9e-05
1761696000000,-4e-06
1761724800000,1.6e-05
1761753600000,1.7e-05
1761782400000,2.1e-05
1761811200000,3.6e-05
1761840000000,-2.6e-05
1761868800000,2.4e-05
1761897600000,0.0001
1761926400000,5.7e-05
1761955200000,2.5e-05
1761984000000,2.4e-05
1762012800000,6.7e-05
1762041600000,5.8e-05
1762070400000,4.8e-05
1762099200000,1.9e-05
1762128000000,2.1e-05
1762156800000,-4.7e-05
1762185600000,5.3e-05
1762214400000,3.8e-05
1762243200000,-1.2e-05
1762272000000,4.5e-05
1762300800000,4.9e-05
1762329600000,1.3e-05
1762358400000,-1.1e-05
1762387200000,2.1e-05
1762416000000,3.3e-05
1762444800000,4.8e-05
1762473600000,-3.3e-05
1762502400000,3.9e-05
1762531200000,2.5e-05
1762560000000,7.9e-05
1762588800000,8e-06
1762617600000,-7e-06
1762646400000,-2e-06
1762675200000,3.7e-05
1762704000000,7.7e-05
1762732800000,9.2e-05
1762761600000,8.1e-05
1762790400000,4.7e-05
1762819200000,1.3e-05
1762848000000,-4.9e-05
1762876800000,5.7e-05
1762905600000,6.8e-05
1762934400000,3.4e-05
1762963200000,9.3e-05
1762992000000,-1.2e-05
1763020800000,1.4e-05
1763049600000,2.6e-05
1763078400000,-4.1e-05
1763107200000,1.3e-05
1763136000000,5.8e-05
1763164800000,4.6e-05
1763193600000,7.1e-05
1763222400000,4.5e-05
1763251200000,1e-05
1763280000000,3.8e-05
1763308800000,5e-05
1763337600000,6e-05
1763366400000,0.0001
1763395200000,7.1e-05
1763424000000,8.2e-05
1763452800000,4.3e-05
1763481600000,0.0001
1763510400000,4.9e-05
1763539200000,-4e-06
1763568000000,-1e-05
1763596800000,4.6e-05
1763625600000,0.0001
1763654400000,1.3e-05
1763683200000,-5e-06
1763712000000,-7e-06
1763740800000,5.6e-05
1763769600000,3.4e-05
1763798400000,2.3e-05
1763827200000,6.1e-05
1763856000000,5e-05
1763884800000,4.4e-05
1763913600000,9e-06
1763942400000,-1.4e-05
1763971200000,-3.2e-05
1764000000000,0.0
1764028800000,-6.7e-05
1764057600000,-4e-06
1764086400000,-4.9e-05
1764115200000,-9e-06
1764144000000,-3e-06
1764172800000,2e-06
1764201600000,3.4e-05
1764230400000,-3e-06
1764259200000,-8e-06
1764288000000,2e-06
1764316800000,-4e-06
1764345600000,-7e-06
1764374400000,-9.7e-05
1764403200000,-1e-05
1764432000000,1e-05
1764460800000,7.3e-05
1764489600000,5.2e-05
1764518400000,1.6e-05
1764547200000,8e-06
1764576000000,-6e-06
1764604800000,-1e-06
1764633600000,-9e-06
1764662400000,4.8e-05
1764691200000,1.8e-05
1764720000000,9e-06
1764748800000,2.7e-05
1764777600000,3.2e-05
1764806400000,7.4e-05
1764835200000,3.1e-05
1764864000000,-9e-06
1764892800000,1.7e-05
1764921600000,4.4e-05
1764950400000,-9e-06
1764979200000,-6e-06
1765008000000,-3.3e-05
1765036800000,-4.7e-05
1765065600000,-8e-06
1765094400000,-1.2e-05
1765123200000,2.3e-05
1765152000000,2.9e-05
1765180800000,8.4e-05
1765209600000,3.8e-05
1765238400000,-1.8e-05
1765267200000,1.3e-05
1765296000000,1.3e-05
1765324800000,3.2e-05
1765353600000,1.5e-05
1765382400000,1.5e-05
1765411200000,3.7e-05
1765440000000,-2.6e-05
1765468800000,3.6e-05
1765497600000,8.4e-05
1765526400000,9.8e-05
1765555200000,2.8e-05
1765584000000,-3e-06
1765612800000,-3e-06
1765641600000,3.7e-05
1765670400000,3.7e-05
1765699200000,1.1e-05
1765728000000,-8e-06
1765756800000,5e-06
1765785600000,2.9e-05
1765814400000,3.9e-05
1765843200000,8e-06
1765872000000,-1.4e-05
1765900800000,5.6e-05
1765929600000,4.6e-05
1765958400000,1.1e-05
1765987200000,8.4e-05
1766016000000,2e-06
1766044800000,7.5e-05
1766073600000,0.0001
1766102400000,-7e-06
1766131200000,1.7e-05
1766160000000,7.3e-05
1766188800000,3.2e-05
1766217600000,-7e-06
1766246400000,-3.6e-05
1766275200000,1.7e-05
1766304000000,-5e-06
1766332800000,-1.5e-05
1766361600000,5.4e-05
1766390400000,5.5e-05
1766419200000,6.8e-05
1766448000000,-2.9e-05
1766476800000,-1.7e-05
1766505600000,1.5e-05
1766534400000,2.8e-05
1766563200000,-2.1e-05
1766592000000,4.6e-05
1766620800000,9.5e-05
1766649600000,7.5e-05
1766678400000,5.2e-05
1766707200000,3.7e-05
1766736000000,0.0001
1766764800000,0.0001
1766793600000,3e-05
1766822400000,2.4e-05
1766851200000,6.1e-05
1766880000000,5.8e-05
1766908800000,0.0001
1766937600000,9.8e-05
1766966400000,3.4e-05
1766995200000,0.0001
1767024000000,-2.5e-05
1767052800000,5.5e-05
1767081600000,-3.7e-05
1767110400000,6.1e-05
1767139200000,3.3e-05
1767168000000,9.5e-05
1767196800000,0.0001
1767225600000,3.6e-05
1767254400000,8.5e-05
1767283200000,9e-06
1767312000000,0.0001
1767340800000,0.0001
1767369600000,5.3e-05
1767398400000,-2.5e-05
1767427200000,2.1e-05
1767456000000,5.1e-05
1767484800000,0.0001
1767513600000,6.1e-05
1767542400000,-1e-06
1767571200000,-1.5e-05
1767600000000,5.1e-05
1767628800000,5e-05
1767657600000,-4.7e-05
1767686400000,-2.2e-05
1767715200000,4.7e-05
1767744000000,9e-05
1767772800000,9.6e-05
1767801600000,2.3e-05
1767830400000,8.6e-05
1767859200000,-1.4e-05
1767888000000,5.3e-05
1767916800000,2e-06
1767945600000,5.4e-05
1767974400000,1.4e-05
1768003200000,5.9e-05
1768032000000,0.0001
1768060800000,8.1e-05
1768089600000,4.1e-05
1768118400000,9.6e-05
1768147200000,4.8e-05
1768176000000,3.9e-05
1768204800000,2.7e-05
1768233600000,6e-06
1768262400000,2.2e-05
1768291200000,0.0001
1768320000000,8.5e-05
1768348800000,7.8e-05
1768377600000,0.0001
1768406400000,0.0001
1768435200000,-8e-06
1768464000000,2e-06
1768492800000,-4e-06
1768521600000,-3.7e-05
1768550400000,5e-05
1768579200000,4e-06
1768608000000,6.9e-05
1768636800000,1.8e-05
1768665600000,5e-06
1768694400000,5e-06
1768723200000,4.9e-05
1768752000000,1.7e-05
1768780800000,-1.1e-05
1768809600000,-2.8e-05
1768838400000,2.1e-05
1768867200000,3.1e-05
1768896000000,-1.6e-05
1768924800000,-1.2e-05
1768953600000,3.2e-05
1768982400000,3e-06
1769011200000,4e-05
1769040000000,5.7e-05
1769068800000,3e-05
1769097600000,0.0
1769126400000,4.9e-05
1769155200000,2.6e-05
1769184000000,-3.2e-05
1769212800000,-9e-06
1769241600000,-2.6e-05
1769270400000,-2.3e-05
1769299200000,-2.9e-05
1769328000000,4.6e-05
1769356800000,4e-05
1769385600000,-2e-06
1769414400000,4.5e-05
1769443200000,3.7e-05
1769472000000,3.8e-05
1769500800000,1.2e-05
1769529600000,-3.2e-05
1769558400000,5.9e-05
1769587200000,7.1e-05
1769616000000,4.6e-05
1769644800000,2.3e-05
1769673600000,1.7e-05
1769702400000,-7e-06
1769731200000,-1.6e-05
1769760000000,-6.9e-05
1769788800000,-4e-05
1769817600000,9.2e-05
1769846400000,4.6e-05
1769875200000,2.3e-05
1769904000000,8e-06
1769932800000,-1.8e-05
1769961600000,1.9e-05
1769990400000,5.1e-05
1770019200000,3e-06
1770048000000,-2.2e-05
1770076800000,-2.7e-05
1770105600000,3e-05
1770134400000,-4.1e-05
1770163200000,3e-06
1770192000000,9.1e-05
1770220800000,4.3e-05
1770249600000,4.7e-05
1770278400000,2.5e-05
1770307200000,2.1e-05
1770336000000,9e-06
1770364800000,-8e-06
1770393600000,-9.3e-05
1770422400000,-6.4e-05
1770451200000,1.3e-05
1770480000000,2.5e-05
1770508800000,7e-06
1770537600000,-4.6e-05
1770566400000,-1e-05
1770595200000,1.5e-05
1770624000000,-1.8e-05
1770652800000,-3.9e-05
1770681600000,6.1e-05
1770710400000,-4.3e-05
1770739200000,-5.9e-05
1770768000000,-2.3e-05
1770796800000,-6.2e-05
1770825600000,-8e-06
1770854400000,9e-06
1770883200000,7.2e-05
1770912000000,0.0001
1770940800000,1e-06
1770969600000,3.7e-05
1770998400000,3.1e-05
1771027200000,-1.5e-05
1771056000000,-1.5e-05
1771084800000,8.7e-05
1771113600000,6.2e-05
1771142400000,3.3e-05
1771171200000,2.1e-05
1771200000000,7.4e-05
1771228800000,3.5e-05
1771257600000,-2.2e-05
1771286400000,3.2e-05
1771315200000,1.9e-05
1771344000000,-1.2e-05
1771372800000,1.9e-05
1771401600000,-2e-06
1771430400000,4e-06
1771459200000,-1.6e-05
1771488000000,5.2e-05
1771516800000,9e-06
1771545600000,0.0001
1771574400000,0.0001
1771603200000,7.5e-05
1771632000000,0.0001
1771660800000,9.8e-05
1771689600000,8.4e-05
1771718400000,2e-05
1771747200000,-2.6e-05
1771776000000,-8e-06
1771804800000,-2e-06
1771833600000,-6e-05
1771862400000,1.3e-05
1771891200000,-4.5e-05
1771920000000,-8.4e-05
1771948800000,2e-05
1771977600000,1.4e-05
1772006400000,0.0001
1772035200000,5.5e-05
1772064000000,3.6e-05
1772092800000,0.0001
1772121600000,4e-05
1772150400000,3.9e-05
1772179200000,-7e-06
1772208000000,-1e-06
1772236800000,-1.3e-05
1772265600000,-4.6e-05
1772294400000,-2.3e-05
1772323200000,2.7e-05
1772352000000,9.2e-05
1772380800000,6.5e-05
1772409600000,1.3e-05
1772438400000,3e-05
1772467200000,2.7e-05
1772496000000,1.8e-05
1772524800000,1.2e-05
1772553600000,7e-06
1772582400000,2.2e-05
1772611200000,-5e-06
1772640000000,3.5e-05
1772668800000,-5.4e-05
1772697600000,-4.1e-05
1772726400000,-4.7e-05
1772755200000,-6e-06
1772784000000,2e-06
1772812800000,-4e-06
1772841600000,-5.9e-05
1772870400000,-3e-05
1772899200000,-1.8e-05
1772928000000,-3.8e-05
1772956800000,-4.3e-05
1772985600000,-3.1e-05
1773014400000,-3.9e-05
1773043200000,-3e-05
1773072000000,-4e-05
1773100800000,-6e-05
1773129600000,5.1e-05
1773158400000,3.7e-05
1773187200000,-0.000107
1773216000000,-4.5e-05
1773244800000,-3.6e-05
1773273600000,-6.1e-05
1773302400000,-5.9e-05
1773331200000,-3.7e-05
1773360000000,-4.3e-05
1773388800000,5e-05
1773417600000,1e-06
1773446400000,-6.2e-05
1773475200000,-3.4e-05
1773504000000,-8.7e-05
1773532800000,-5.8e-05
1773561600000,5e-06
1773590400000,3.9e-05
1773619200000,-1.3e-05
1773648000000,6.6e-05
1773676800000,-1e-06
1773705600000,9.3e-05
1773734400000,4.3e-05
1773763200000,-3.8e-05
1773792000000,4e-06
1773820800000,1.1e-05
1773849600000,-3.8e-05
1773878400000,1.8e-05
1773907200000,1.9e-05
1773936000000,2e-06
1773964800000,5.3e-05
1773993600000,4.1e-05
1774022400000,1.4e-05
1774051200000,5e-05
1774080000000,3.9e-05
1774108800000,-2.3e-05
1774137600000,-9.6e-05
1774166400000,-6e-05
1774195200000,-1.4e-05
1774224000000,-3.1e-05
1774252800000,1e-05
1774281600000,5.6e-05
1774310400000,3.8e-05
1774339200000,2e-05
1774368000000,5.2e-05
1774396800000,5.5e-05
1774425600000,0.0001
1774454400000,-1e-06
1774483200000,9e-06
1774512000000,-7e-06
1774540800000,7e-06
1774569600000,6.3e-05
1774598400000,1.1e-05
1774627200000,-4.2e-05
1774656000000,6.6e-05
1774684800000,-1.9e-05
1774713600000,-3.5e-05
1774742400000,-1.6e-05
1774771200000,-2.6e-05
1774800000000,1.8e-05
1774828800000,1.5e-05
1774857600000,-8e-06
1774886400000,-7e-06
1774915200000,-4.1e-05
1774944000000,3e-05
1774972800000,2.7e-05
1775001600000,1.2e-05
1775030400000,8.1e-05
1775059200000,2.3e-05
1775088000000,-5e-06
1775116800000,-5.3e-05
1775145600000,-5.7e-05
1775174400000,2.1e-05
1775203200000,-2.2e-05
1775232000000,1.6e-05
1775260800000,4.6e-05
1775289600000,3.1e-05
1775318400000,1.4e-05
1775347200000,3e-06
1775376000000,-3.1e-05
1775404800000,1.7e-05
1775433600000,4.9e-05
1775462400000,6.7e-05
1775491200000,-1.1e-05
1775520000000,-6.6e-05
1775548800000,-2.5e-05
1775577600000,3e-06
1775606400000,8.2e-05
1775635200000,7.6e-05
1775664000000,3.7e-05
1775692800000,1.3e-05
1775721600000,2.3e-05
1775750400000,6.1e-05
1775779200000,8.6e-05
1775808000000,0.0001
1775836800000,5.5e-05
1775865600000,-2e-05
1775894400000,-3.2e-05
1775923200000,0.0001
